(25/06/2014,List((0.000310,0.000264)))
(30/12/2013,List((0.000459,0.000416)))
(02/08/2015,List((0.000175,0.000169)))
(09/01/2015,List((0.000172,0.000165)))
(15/02/2015,List((0.000154,0.000140)))
(18/09/2015,List((0.000127,0.000125)))
(28/07/2016,List((0.000240,0.000233)))
(28/10/2014,List((0.000258,0.000249)))
(05/06/2014,List((0.000368,0.000357)))
(15/04/2015,List((0.000105,0.000102)))
(01/04/2014,List((0.000554,0.000502)))
(27/11/2014,List((0.000255,0.000225)))
(15/05/2014,List((0.000462,0.000449)))
(21/05/2017,List((0.003062,0.001910)))
(05/08/2016,List((0.000219,0.000212)))
(21/06/2016,List((0.000327,0.000297)))
(23/01/2017,List((0.000209,0.000203)))
(08/03/2014,List((0.000936,0.000833)))
(24/03/2014,List((0.000759,0.000700)))
(05/12/2015,List((0.000133,0.000127)))
(22/06/2017,List((0.003141,0.003046)))
(07/04/2016,List((0.000218,0.000209)))
(09/04/2014,List((0.000457,0.000437)))
(10/11/2014,List((0.000228,0.000218)))
(01/09/2017,List((0.002543,0.002049)))
(02/02/2015,List((0.000152,0.000142)))
(11/01/2016,List((0.000177,0.000166)))
(14/06/2014,List((0.000395,0.000369)))
(08/12/2014,List((0.000232,0.000221)))
(06/03/2014,List((0.001073,0.001000)))
(20/07/2016,List((0.000247,0.000240)))
(09/10/2017,List((0.001066,0.000963)))
(28/10/2016,List((0.000220,0.000213)))
(27/10/2017,List((0.001087,0.001024)))
(18/10/2017,List((0.001079,0.000975)))
(26/11/2015,List((0.000138,0.000129)))
(03/07/2017,List((0.002601,0.002395)))
(10/08/2014,List((0.000170,0.000156)))
(07/03/2015,List((0.000143,0.000139)))
(04/08/2017,List((0.001847,0.001784)))
(19/09/2016,List((0.000240,0.000230)))
(18/11/2016,List((0.000224,0.000217)))
(09/03/2015,List((0.000145,0.000139)))
(09/04/2016,List((0.000215,0.000207)))
(19/03/2016,List((0.000220,0.000209)))
(08/05/2016,List((0.000223,0.000220)))
(30/12/2015,List((0.000157,0.000149)))
(08/08/2017,List((0.001987,0.001929)))
(04/12/2016,List((0.000218,0.000213)))
(15/03/2016,List((0.000239,0.000230)))
(16/11/2014,List((0.000231,0.000222)))
(06/02/2017,List((0.000216,0.000208)))
(06/10/2014,List((0.000313,0.000262)))
(22/11/2015,List((0.000134,0.000127)))
(26/08/2015,List((0.000136,0.000127)))
(14/03/2017,List((0.000247,0.000236)))
(25/09/2017,List((0.001182,0.000889)))
(18/02/2016,List((0.000287,0.000273)))
(30/08/2016,List((0.000234,0.000223)))
(23/07/2017,List((0.002193,0.001889)))
(01/11/2016,List((0.000226,0.000218)))
(18/05/2015,List((0.000119,0.000114)))
(10/01/2017,List((0.000231,0.000220)))
(07/09/2017,List((0.002016,0.001920)))
(26/06/2015,List((0.000204,0.000180)))
(17/07/2016,List((0.000264,0.000257)))
(11/09/2016,List((0.000257,0.000225)))
(08/04/2015,List((0.000123,0.000109)))
(19/05/2014,List((0.000451,0.000442)))
(24/05/2016,List((0.000226,0.000223)))
(01/03/2017,List((0.000209,0.000201)))
(17/08/2017,List((0.001799,0.001575)))
(04/03/2016,List((0.000247,0.000237)))
(13/08/2017,List((0.001874,0.001731)))
(24/09/2016,List((0.000229,0.000223)))
(18/02/2014,List((0.001426,0.001310)))
(08/06/2015,List((0.000163,0.000150)))
(25/08/2014,List((0.000126,0.000112)))
(25/07/2017,List((0.002002,0.001703)))
(05/05/2017,List((0.000932,0.000736)))
(25/12/2013,List((0.000694,0.000558)))
(26/02/2017,List((0.000208,0.000199)))
(03/04/2014,List((0.000449,0.000385)))
(31/08/2015,List((0.000130,0.000126)))
(11/01/2014,List((0.000509,0.000334)))
(04/07/2016,List((0.000292,0.000280)))
(24/12/2016,List((0.000252,0.000232)))
(31/07/2014,List((0.000211,0.000200)))
(15/08/2017,List((0.001827,0.001656)))
(18/11/2014,List((0.000228,0.000214)))
(17/11/2017,List((0.001394,0.001274)))
(02/04/2017,List((0.000527,0.000328)))
(22/03/2014,List((0.000704,0.000680)))
(04/05/2016,List((0.000228,0.000224)))
(16/04/2016,List((0.000237,0.000229)))
(05/09/2017,List((0.001943,0.001540)))
(21/06/2014,List((0.000354,0.000345)))
(01/02/2016,List((0.000294,0.000259)))
(04/01/2016,List((0.000148,0.000142)))
(21/02/2014,List((0.001266,0.001130)))
(04/04/2017,List((0.000490,0.000409)))
(27/01/2017,List((0.000210,0.000204)))
(27/09/2017,List((0.001190,0.001113)))
(12/01/2017,List((0.000212,0.000195)))
(15/09/2016,List((0.000236,0.000223)))
(10/10/2017,List((0.001047,0.000952)))
(16/05/2015,List((0.000122,0.000116)))
(12/06/2016,List((0.000275,0.000253)))
(19/08/2015,List((0.000139,0.000129)))
(22/04/2017,List((0.000470,0.000441)))
(23/05/2015,List((0.000151,0.000134)))
(12/09/2017,List((0.001578,0.001435)))
(03/01/2017,List((0.000228,0.000222)))
(07/02/2014,List((0.001308,0.001046)))
(02/01/2016,List((0.000156,0.000148)))
(14/06/2016,List((0.000344,0.000289)))
(12/10/2015,List((0.000121,0.000118)))
(07/11/2016,List((0.000258,0.000219)))
(08/07/2014,List((0.000262,0.000224)))
(16/06/2016,List((0.000335,0.000312)))
(21/03/2017,List((0.000248,0.000227)))
(21/08/2016,List((0.000239,0.000232)))
(03/08/2016,List((0.000218,0.000206)))
(11/05/2014,List((0.000479,0.000451)))
(08/01/2016,List((0.000158,0.000138)))
(27/01/2015,List((0.000166,0.000153)))
(02/06/2017,List((0.003101,0.002858)))
(02/02/2017,List((0.000215,0.000207)))
(14/05/2015,List((0.000117,0.000105)))
(05/10/2017,List((0.001075,0.000979)))
(19/01/2014,List((0.000753,0.000578)))
(10/04/2014,List((0.000445,0.000347)))
(21/04/2014,List((0.000646,0.000614)))
(24/12/2014,List((0.000197,0.000189)))
(03/10/2017,List((0.001115,0.001004)))
(14/07/2017,List((0.001851,0.001632)))
(15/06/2015,List((0.000172,0.000164)))
(17/01/2016,List((0.000156,0.000150)))
(29/11/2016,List((0.000219,0.000214)))
(24/01/2014,List((0.001908,0.001631)))
(28/09/2014,List((0.000414,0.000376)))
(22/04/2015,List((0.000112,0.000109)))
(18/09/2017,List((0.000960,0.000837)))
(20/05/2016,List((0.000228,0.000222)))
(19/12/2014,List((0.000200,0.000173)))
(23/10/2015,List((0.000118,0.000113)))
(11/08/2017,List((0.001897,0.001817)))
(05/07/2015,List((0.000195,0.000186)))
(19/03/2014,List((0.000808,0.000766)))
(16/03/2017,List((0.000244,0.000228)))
(22/10/2014,List((0.000271,0.000228)))
(30/06/2014,List((0.000281,0.000264)))
(28/03/2014,List((0.000564,0.000443)))
(27/07/2015,List((0.000189,0.000183)))
(13/07/2016,List((0.000268,0.000261)))
(04/10/2014,List((0.000339,0.000298)))
(03/01/2015,List((0.000186,0.000167)))
(06/07/2014,List((0.000235,0.000217)))
(20/10/2016,List((0.000222,0.000217)))
(06/03/2016,List((0.000225,0.000219)))
(23/11/2014,List((0.000265,0.000213)))
(27/03/2015,List((0.000134,0.000128)))
(12/02/2014,List((0.001944,0.001747)))
(07/07/2017,List((0.002629,0.002388)))
(28/06/2017,List((0.002822,0.002526)))
(09/11/2016,List((0.000234,0.000224)))
(21/07/2015,List((0.000175,0.000169)))
(20/03/2016,List((0.000221,0.000209)))
(18/06/2014,List((0.000364,0.000351)))
(13/05/2016,List((0.000245,0.000233)))
(16/03/2015,List((0.000146,0.000142)))
(17/07/2014,List((0.000262,0.000233)))
(06/11/2017,List((0.001243,0.001145)))
(08/12/2016,List((0.000216,0.000211)))
(14/08/2016,List((0.000252,0.000236)))
(12/07/2015,List((0.000214,0.000199)))
(02/10/2014,List((0.000371,0.000331)))
(10/07/2015,List((0.000247,0.000195)))
(16/10/2015,List((0.000122,0.000117)))
(25/02/2016,List((0.000278,0.000267)))
(05/06/2016,List((0.000238,0.000233)))
(26/04/2015,List((0.000104,0.000098)))
(26/03/2016,List((0.000216,0.000211)))
(04/10/2016,List((0.000237,0.000229)))
(13/04/2017,List((0.000438,0.000406)))
(30/07/2017,List((0.001773,0.001691)))
(19/04/2015,List((0.000108,0.000105)))
(14/02/2016,List((0.000305,0.000295)))
(01/05/2017,List((0.000765,0.000638)))
(17/02/2017,List((0.000213,0.000202)))
(17/12/2016,List((0.000220,0.000212)))
(02/04/2015,List((0.000130,0.000126)))
(03/04/2016,List((0.000227,0.000219)))
(04/01/2014,List((0.000321,0.000256)))
(10/02/2014,List((0.001507,0.001079)))
(21/05/2015,List((0.000134,0.000130)))
(17/05/2016,List((0.000230,0.000224)))
(05/10/2015,List((0.000119,0.000117)))
(04/09/2014,List((0.000168,0.000139)))
(30/10/2015,List((0.000166,0.000139)))
(15/07/2016,List((0.000266,0.000261)))
(07/11/2014,List((0.000228,0.000218)))
(22/01/2016,List((0.000184,0.000161)))
(26/10/2016,List((0.000222,0.000215)))
(13/03/2016,List((0.000245,0.000233)))
(14/01/2017,List((0.000212,0.000206)))
(16/08/2014,List((0.000135,0.000116)))
(11/03/2014,List((0.000803,0.000665)))
(27/12/2013,List((0.000628,0.000497)))
(30/08/2014,List((0.000135,0.000128)))
(25/05/2015,List((0.000149,0.000140)))
(08/11/2015,List((0.000145,0.000134)))
(03/03/2015,List((0.000149,0.000142)))
(09/03/2017,List((0.000212,0.000202)))
(20/01/2016,List((0.000171,0.000146)))
(19/11/2017,List((0.001421,0.001340)))
(20/04/2015,List((0.000108,0.000105)))
(01/08/2014,List((0.000214,0.000207)))
(03/08/2014,List((0.000210,0.000203)))
(02/10/2016,List((0.000234,0.000229)))
(05/05/2015,List((0.000090,0.000088)))
(29/07/2015,List((0.000192,0.000183)))
(22/06/2015,List((0.000221,0.000207)))
(11/11/2017,List((0.001257,0.001141)))
(23/03/2017,List((0.000245,0.000235)))
(09/06/2014,List((0.000364,0.000357)))
(10/10/2015,List((0.000121,0.000117)))
(01/03/2015,List((0.000148,0.000140)))
(30/04/2014,List((0.000519,0.000471)))
(16/09/2017,List((0.000921,0.000774)))
(20/09/2014,List((0.000310,0.000267)))
(27/02/2014,List((0.001219,0.001122)))
(06/10/2016,List((0.000234,0.000223)))
(11/10/2014,List((0.000281,0.000268)))
(24/04/2017,List((0.000530,0.000498)))
(02/05/2014,List((0.000505,0.000478)))
(29/09/2015,List((0.000128,0.000121)))
(06/04/2015,List((0.000128,0.000122)))
(07/08/2014,List((0.000183,0.000165)))
(23/12/2013,List((0.000460,0.000294)))
(28/02/2015,List((0.000147,0.000142)))
(02/11/2015,List((0.000149,0.000138)))
(18v08/2015,List((0.000150,0.000134)))
(04/11/2017,List((0.001242,0.001098)))
(23/02/2014,List((0.001299,0.001173)))
(23/04/2014,List((0.000591,0.000551)))
(12/01/2015,List((0.000162,0.000156)))
(26/04/2017,List((0.000552,0.000527)))
(27/09/2015,List((0.000123,0.000120)))
(31/08/2017,List((0.002150,0.002017)))
(25/01/2017,List((0.000205,0.000200)))
(08/09/2016,List((0.000246,0.000228)))
(22/02/2015,List((0.000147,0.000140)))
(22/05/2016,List((0.000227,0.000222)))
(28/04/2017,List((0.000705,0.000617)))
(03/11/2016,List((0.000224,0.000216)))
(09/10/2015,List((0.000120,0.000118)))
(14/01/2015,List((0.000136,0.000113)))
(03/02/2016,List((0.000273,0.000258)))
(20/04/2017,List((0.000483,0.000438)))
(24/04/2015,List((0.000111,0.000104)))
(16/07/2017,List((0.001524,0.001280)))
(10/09/2015,List((0.000132,0.000127)))
(19/12/2016,List((0.000222,0.000216)))
(03/05/2017,List((0.000695,0.000591)))
(03/09/2017,List((0.002326,0.002090)))
(22/02/2017,List((0.000210,0.000197)))
(17/12/2014,List((0.000189,0.000167)))
(13/10/2014,List((0.000291,0.000280)))
(23/07/2015,List((0.000187,0.000177)))
(13/01/2016,List((0.000184,0.000176)))
(03/05/2015,List((0.000100,0.000090)))
(18/01/2015,List((0.000147,0.000133)))
(14/04/2016,List((0.000235,0.000225)))
(10/07/2017,List((0.002373,0.001865)))
(29/04/2016,List((0.000229,0.000225)))
(09/07/2015,List((0.000206,0.000187)))
(12/06/2014,List((0.000424,0.000375)))
(03/02/2014,List((0.001363,0.001227)))
(09/11/2014,List((0.000221,0.000214)))
(29/08/2016,List((0.000230,0.000220)))
(26/05/2016,List((0.000230,0.000221)))
(01/08/2016,List((0.000233,0.000223)))
(01/02/2014,List((0.001572,0.001457)))
(29/03/2015,List((0.000132,0.000124)))
(17/05/2014,List((0.000455,0.000449)))
(31/12/2016,List((0.000228,0.000223)))
(04/02/2017,List((0.000214,0.000206)))
(08/10/2014,List((0.000300,0.000285)))
(25/12/2015,List((0.000152,0.000146)))
(29/10/2015,List((0.000141,0.000124)))
(01/12/2015,List((0.000131,0.000125)))
(05/07/2017,List((0.002829,0.002423)))
(12/08/2014,List((0.000149,0.000137)))
(02/06/2015,List((0.000165,0.000136)))
(18/03/2015,List((0.000144,0.000132)))
(24/06/2017,List((0.003294,0.003121)))
(15/03/2014,List((0.000873,0.000835)))
(14/05/2017,List((0.001274,0.001188)))
(17/06/2015,List((0.000228,0.000192)))
(24/11/2015,List((0.000131,0.000127)))
(04/03/2014,List((0.001106,0.001011)))
(11/04/2017,List((0.000400,0.000381)))
(29/01/2017,List((0.000211,0.000204)))
(22/12/2014,List((0.000200,0.000192)))
(10/03/2017,List((0.000218,0.000198)))
(21/11/2014,List((0.000213,0.000204)))
(30/05/2017,List((0.002994,0.002570)))
(29/06/2014,List((0.000279,0.000268)))
(13/01/2014,List((0.000344,0.000260)))
(16/01/2015,List((0.000145,0.000136)))
(13/04/2015,List((0.000115,0.000106)))
(10/12/2015,List((0.000147,0.000138)))
(30/09/2015,List((0.000124,0.000121)))
(08/01/2014,List((0.000238,0.000203)))
(18/07/2017,List((0.001888,0.001467)))
(09/08/2014,List((0.000170,0.000166)))
(12/09/2015,List((0.000131,0.000126)))
(07/08/2016,List((0.000277,0.000225)))
(12/04/2014,List((0.000448,0.000417)))
(19/10/2016,List((0.000223,0.000217)))
(13/09/2014,List((0.000267,0.000203)))
(10/05/2017,List((0.001382,0.001200)))
(20/11/2015,List((0.000131,0.000127)))
(16/08/2016,List((0.000263,0.000235)))
(05/09/2015,List((0.000131,0.000124)))
(21/09/2015,List((0.000132,0.000125)))
(07/12/2015,List((0.000137,0.000126)))
(10/09/2017,List((0.001581,0.001254)))
(04/02/2015,List((0.000148,0.000143)))
(15/12/2016,List((0.000220,0.000214)))
(05/08/2014,List((0.000203,0.000186)))
(28/07/2014,List((0.000220,0.000202)))
(27/11/2016,List((0.000222,0.000216)))
(02/01/2014,List((0.000449,0.000331)))
(03/10/2015,List((0.000123,0.000120)))
(03/09/2015,List((0.000128,0.000122)))
(19/09/2014,List((0.000307,0.000275)))
(15/02/2017,List((0.000212,0.000203)))
(07/01/2015,List((0.000175,0.000166)))
(19/07/2014,List((0.000251,0.000242)))
(28/12/2016,List((0.000231,0.000220)))
(02/07/2014,List((0.000260,0.000223)))
(31/01/2014,List((0.001560,0.001509)))
(27/08/2014,List((0.000151,0.000138)))
(11/12/2016,List((0.000224,0.000213)))
(10/02/2016,List((0.000304,0.000290)))
(23/08/2014,List((0.000126,0.000119)))
(22/01/2014,List((0.002038,0.001365)))
(10/01/2015,List((0.000173,0.000161)))
(14/12/2015,List((0.000150,0.000142)))
(10/08/2016,List((0.000249,0.000235)))
(16/12/2015,List((0.000156,0.000146)))
(12/05/2015,List((0.000124,0.000092)))
(08/03/2016,List((0.000234,0.000218)))
(26/03/2014,List((0.000659,0.000637)))
(10/11/2016,List((0.000231,0.000224)))
(29/08/2014,List((0.000133,0.000126)))
(14/11/2014,List((0.000250,0.000232)))
(11/12/2014,List((0.000214,0.000203)))
(02/08/2017,List((0.001823,0.001746)))
(04/04/2015,List((0.000130,0.000126)))
(12/11/2016,List((0.000229,0.000220)))
(16/06/2014,List((0.000378,0.000360)))
(27/02/2016,List((0.000268,0.000253)))
(03/12/2015,List((0.000134,0.000128)))
(19/10/2014,List((0.000259,0.000241)))
(13/10/2016,List((0.000229,0.000221)))
(13/02/2015,List((0.000149,0.000140)))
(15/10/2016,List((0.000228,0.000221)))
(21/09/2017,List((0.000864,0.000736)))
(24/07/2014,List((0.000228,0.000215)))
(12/11/2014,List((0.000248,0.000223)))
(22/08/2015,List((0.000146,0.000136)))
(30/04/2016,List((0.000231,0.000225)))
(08/05/2014,List((0.000479,0.000467)))
(05/03/2017,List((0.000211,0.000202)))
(25/04/2016,List((0.000231,0.000224)))
(08/04/2017,List((0.000433,0.000398)))
(14/07/2015,List((0.000200,0.000193)))
(11/02/2015,List((0.000142,0.000138)))
(27/12/2015,List((0.000145,0.000138)))
(10/06/2014,List((0.000383,0.000361)))
(21/12/2013,List((0.000700,0.000354)))
(29/10/2017,List((0.001237,0.000993)))
(13/08/2015,List((0.000161,0.000156)))
(24/06/2015,List((0.000191,0.000178)))
(29/07/2017,List((0.001774,0.001662)))
(24/07/2016,List((0.000254,0.000243)))
(25/04/2014,List((0.000588,0.000446)))
(16/02/2014,List((0.001527,0.001366)))
(26/01/2014,List((0.001870,0.001498)))
(13/12/2014,List((0.000205,0.000202)))
(25/07/2015,List((0.000193,0.000187)))
(29/02/2016,List((0.000258,0.000248)))
(28/05/2016,List((0.000238,0.000228)))
(01/01/2015,List((0.000186,0.000182)))
(29/01/2015,List((0.000148,0.000139)))
(06/01/2016,List((0.000138,0.000134)))
(15/11/2015,List((0.000132,0.000125)))
(19/06/2017,List((0.003253,0.003141)))
(06/05/2016,List((0.000227,0.000219)))
(29/12/2013,List((0.000492,0.000399)))
(27/05/2017,List((0.002571,0.001700)))
(22/07/2016,List((0.000240,0.000234)))
(16/04/2014,List((0.000803,0.000590)))
(27/06/2016,List((0.000288,0.000278)))
(14/02/2014,List((0.001674,0.001459)))
(14/10/2017,List((0.001115,0.001026)))
(16/12/2013,List((0.000866,0.000150)))
(08/08/2015,List((0.000171,0.000158)))
(19/02/2017,List((0.000210,0.000196)))
(07/10/2015,List((0.000123,0.000119)))
(04/12/2014,List((0.000238,0.000229)))
(04/11/2015,List((0.000167,0.000145)))
(16/10/2017,List((0.001254,0.001056)))
(26/12/2014,List((0.000193,0.000183)))
(02/03/2016,List((0.000251,0.000242)))
(06/04/2017,List((0.000487,0.000436)))
(27/10/2015,List((0.000121,0.000115)))
(11/11/2015,List((0.000129,0.000119)))
(23/04/2016,List((0.000227,0.000222)))
(26/02/2015,List((0.000144,0.000140)))
(31/10/2014,List((0.000243,0.000235)))
(28/04/2015,List((0.000104,0.000098)))
(28/08/2015,List((0.000134,0.000125)))
(19/11/2015,List((0.000135,0.000129)))
(21/11/2016,List((0.000224,0.000216)))
(30/01/2015,List((0.000151,0.000142)))
(19/04/2017,List((0.000460,0.000442)))
(21/01/2017,List((0.000214,0.000204)))
(28/11/2015,List((0.000134,0.000128)))
(12/05/2017,List((0.001263,0.001182)))
(07/05/2017,List((0.001430,0.001157)))
(28/08/2017,List((0.001825,0.001751)))
(19/05/2016,List((0.000234,0.000224)))
(18/04/2014,List((0.000654,0.000594)))
(14/11/2016,List((0.000225,0.000221)))
(29/09/2017,List((0.001129,0.001001)))
(17/06/2017,List((0.003384,0.003135)))
(21/07/2017,List((0.002023,0.001898)))
(25/08/2016,List((0.000235,0.000225)))
(23/11/2016,List((0.000224,0.000215)))
(20/05/2014,List((0.000473,0.000443)))
(08/09/2014,List((0.000189,0.000165)))
(20/12/2014,List((0.000212,0.000192)))
(20/12/2016,List((0.000220,0.000216)))
(11/09/2014,List((0.000208,0.000185)))
(31/03/2014,List((0.000571,0.000496)))
(24/05/2014,List((0.000429,0.000411)))
(22/11/2017,List((0.002053,0.001373)))
(27/04/2014,List((0.000474,0.000437)))
(02/12/2016,List((0.000221,0.000212)))
(23/06/2014,List((0.000343,0.000322)))
(02/09/2016,List((0.000237,0.000231)))
(29/05/2015,List((0.000201,0.000171)))
(06/08/2015,List((0.000175,0.000166)))
(28/03/2016,List((0.000219,0.000213)))
(25/05/2017,List((0.003712,0.002921)))
(31/01/2016,List((0.000318,0.000214)))
(15/06/2017,List((0.003110,0.002764)))
(26/10/2014,List((0.000253,0.000243)))
(12/03/2015,List((0.000145,0.000142)))
(25/11/2014,List((0.000252,0.000237)))
(15/12/2014,List((0.000196,0.000188)))
(22/08/2017,List((0.001731,0.001616)))
(17/10/2016,List((0.000225,0.000221)))
(29/05/2017,List((0.002843,0.002427)))
(25/01/2015,List((0.000171,0.000161)))
(05/03/2015,List((0.000145,0.000139)))
(11/07/2016,List((0.000293,0.000265)))
(24/09/2014,List((0.000353,0.000310)))
(17/11/2015,List((0.000133,0.000129)))
(30/01/2017,List((0.000210,0.000203)))
(24/03/2016,List((0.000219,0.000210)))
(21/02/2016,List((0.000294,0.000283)))
(18/06/2016,List((0.000329,0.000314)))
(19/02/2015,List((0.000147,0.000141)))
(20/01/2014,List((0.001341,0.000685)))
(11/06/2015,List((0.000160,0.000156)))
(08/06/2017,List((0.003591,0.003095)))
(16/01/2017,List((0.000212,0.000203)))
(14/03/2015,List((0.000144,0.000140)))
(12/03/2017,List((0.000229,0.000207)))
(19/07/2016,List((0.000255,0.000243)))
(05/01/2015,List((0.000166,0.000157)))
(26/07/2014,List((0.000216,0.000207)))
(24/10/2014,List((0.000261,0.000241)))
(20/06/2015,List((0.000213,0.000190)))
(30/03/2017,List((0.000329,0.000265)))
(28/01/2016,List((0.000500,0.000329)))
(21/10/2015,List((0.000120,0.000116)))
(14/08/2014,List((0.000148,0.000138)))
(18/12/2015,List((0.000160,0.000150)))
(31/05/2016,List((0.000240,0.000227)))
(12/08/2016,List((0.000240,0.000234)))
(13/02/2017,List((0.000211,0.000204)))
(31/05/2014,List((0.000362,0.000334)))
(27/07/2017,List((0.001872,0.001778)))
(01/01/2017,List((0.000228,0.000221)))
(03/06/2016,List((0.000240,0.000230)))
(01/04/2016,List((0.000233,0.000221)))
(11/07/2014,List((0.000275,0.000261)))
(30/11/2016,List((0.000217,0.000213)))
(17/08/2015,List((0.000151,0.000147)))
(07/06/2016,List((0.000240,0.000234)))
(23/02/2016,List((0.000284,0.000277)))
(17/09/2016,List((0.000251,0.000236)))
(20/09/2016,List((0.000236,0.000229)))
(12/04/2016,List((0.000242,0.000212)))
(21/03/2015,List((0.000134,0.000129)))
(28/01/2014,List((0.001403,0.001223)))
(09/09/2015,List((0.000134,0.000128)))
(07/04/2014,List((0.000471,0.000449)))
(31/12/2014,List((0.000187,0.000178)))
(03/03/2017,List((0.000213,0.000202)))
(09/12/2015,List((0.000152,0.000134)))
(01/11/2014,List((0.000239,0.000225)))
(06/12/2016,List((0.000215,0.000208)))
(04/06/2017,List((0.003496,0.003071)))
(25/06/2016,List((0.000297,0.000274)))
(13/11/2015,List((0.000133,0.000127)))
(09/09/2017,List((0.001645,0.001534)))
(12/10/2017,List((0.001096,0.001031)))
(25/10/2015,List((0.000119,0.000114)))
(23/05/2017,List((0.004031,0.003125)))
(17/09/2014,List((0.000299,0.000260)))
(14/10/2015,List((0.000122,0.000119)))
(02/11/2017,List((0.001185,0.001050)))
(23/01/2015,List((0.000157,0.000150)))
(07/10/2017,List((0.001129,0.001021)))
(30/10/2017,List((0.001228,0.001103)))
(14/09/2015,List((0.000126,0.000122)))
(23/03/2015,List((0.000139,0.000131)))
(26/12/2016,List((0.000234,0.000229)))
(13/06/2017,List((0.003432,0.003250)))
(05/11/2016,List((0.000224,0.000219)))
(24/01/2016,List((0.000193,0.000170)))
(17/10/2014,List((0.000261,0.000245)))
(20/07/2014,List((0.000246,0.000234)))
(09/02/2016,List((0.000296,0.000286)))
(06/06/2015,List((0.000159,0.000152)))
(11/03/2016,List((0.000247,0.000237)))
(24/02/2017,List((0.000211,0.000202)))
(07/09/2015,List((0.000133,0.000129)))
(22/07/2014,List((0.000237,0.000215)))
(01/07/2017,List((0.002893,0.002418)))
(07/02/2016,List((0.000312,0.000282)))
(17/03/2014,List((0.000822,0.000757)))
(25/10/2017,List((0.001100,0.001009)))
(07/01/2017,List((0.000228,0.000216)))
(02/05/2016,List((0.000231,0.000220)))
(20/11/2017,List((0.001428,0.001348)))
(26/06/2017,List((0.003041,0.002449)))
(09/02/2014,List((0.001291,0.001056)))
(01/09/2015,List((0.000132,0.000127)))
(22/10/2016,List((0.000226,0.000218)))
(27/05/2015,List((0.000190,0.000159)))
(12/07/2017,List((0.001938,0.001674)))
(22/12/2016,List((0.000230,0.000222)))
(23/09/2017,List((0.000974,0.000760)))
(22/03/2016,List((0.000217,0.000209)))
(24/02/2015,List((0.000143,0.000140)))
(27/03/2017,List((0.000283,0.000238)))
(16/07/2015,List((0.000189,0.000166)))
(11/05/2016,List((0.000224,0.000220)))
(06/11/2015,List((0.000148,0.000137)))
(04/06/2015,List((0.000155,0.000148)))
(29/04/2014,List((0.000503,0.000478)))
(26/09/2014,List((0.000467,0.000373)))
(20/10/2014,List((0.000244,0.000223)))
(16/11/2016,List((0.000227,0.000219)))
(28/05/2014,List((0.000422,0.000394)))
(01/06/2016,List((0.000235,0.000226)))
(15/07/2014,List((0.000259,0.000251)))
(20/06/2017,List((0.003287,0.003151)))
(09/05/2015,List((0.000094,0.000090)))
(27/06/2014,List((0.000298,0.000287)))
(24/10/2016,List((0.000222,0.000218)))
(13/11/2017,List((0.001212,0.001019)))
(28/09/2016,List((0.000233,0.000226)))
(03/06/2014,List((0.000406,0.000382)))
(08/07/2016,List((0.000281,0.000272)))
(02/07/2016,List((0.000306,0.000298)))
(05/01/2017,List((0.000257,0.000221)))
(26/09/2016,List((0.000230,0.000225)))
(31/03/2016,List((0.000235,0.000223)))
(08/02/2017,List((0.000217,0.000207)))
(30/05/2015,List((0.000181,0.000158)))
(13/12/2016,List((0.000223,0.000215)))
(11/02/2017,List((0.000215,0.000203)))
(18/01/2017,List((0.000216,0.000205)))
(29/12/2015,List((0.000155,0.000138)))
(11/06/2017,List((0.003795,0.003276)))
(18/05/2017,List((0.001647,0.001290)))
(15/01/2014,List((0.000441,0.000341)))
(06/09/2016,List((0.000242,0.000235)))
(02/03/2014,List((0.001059,0.000953)))
(01/10/2017,List((0.001152,0.001050)))
(03/07/2015,List((0.000192,0.000187)))
(26/07/2016,List((0.000246,0.000236)))
(10/04/2016,List((0.000210,0.000197)))
(17/04/2017,List((0.000480,0.000447)))
(25/03/2015,List((0.000132,0.000122)))
(15/10/2014,List((0.000286,0.000259)))
(23/10/2017,List((0.001053,0.000959)))
(25/02/2014,List((0.001082,0.000823)))
(01/05/2015,List((0.000104,0.000096)))
(11/10/2016,List((0.000235,0.000223)))
(06/12/2014,List((0.000235,0.000228)))
(01/10/2015,List((0.000124,0.000122)))
(03/11/2014,List((0.000229,0.000214)))
(04/09/2016,List((0.000239,0.000232)))
(23/06/2016,List((0.000283,0.000244)))
(17/04/2015,List((0.000109,0.000105)))
(04/08/2015,List((0.000177,0.000173)))
(20/03/2014,List((0.000774,0.000721)))
(19/01/2016,List((0.000152,0.000147)))
(09/05/2017,List((0.001531,0.001107)))
(06/06/2017,List((0.004036,0.003549)))
(28/12/2014,List((0.000186,0.000179)))
(13/07/2014,List((0.000274,0.000266)))
(13/03/2014,List((0.000929,0.000849)))
(25/11/2016,List((0.000221,0.000216)))
(29/06/2016,List((0.000301,0.000284)))
(06/02/2015,List((0.000146,0.000140)))
(09/08/2016,List((0.000241,0.000231)))
(31/10/2016,List((0.000229,0.000218)))
(11/08/2015,List((0.000164,0.000160)))
(16/05/2017,List((0.001125,0.000995)))
(01/06/2014,List((0.000431,0.000335)))
(18/10/2015,List((0.000124,0.000118)))
(16/02/2016,List((0.000300,0.000292)))
(20/08/2015,List((0.000140,0.000131)))
(05/02/2016,List((0.000309,0.000283)))
(10/06/2016,List((0.000272,0.000258)))
(01/07/2015,List((0.000200,0.000186)))
(23/08/2016,List((0.000234,0.000222)))
(04/05/2014,List((0.000473,0.000452)))
(15/05/2016,List((0.000235,0.000229)))
(06/05/2014,List((0.000467,0.000443)))
(13/06/2015,List((0.000167,0.000159)))
(30/03/2015,List((0.000129,0.000126)))
(30/07/2015,List((0.000186,0.000182)))
(05/11/2014,List((0.000221,0.000210)))
(05/04/2016,List((0.000220,0.000213)))
(30/06/2016,List((0.000306,0.000290)))
(17/01/2014,List((0.000422,0.000376)))
(24/08/2017,List((0.001845,0.001722)))
(18/07/2015,List((0.000184,0.000175)))
(23/12/2015,List((0.000149,0.000141)))
(30/09/2017,List((0.001169,0.001076)))
(21/10/2017,List((0.001068,0.000959)))
(21/08/2014,List((0.000140,0.000128)))
(29/03/2017,List((0.000281,0.000264)))
(17/02/2015,List((0.000149,0.000143)))
(27/04/2016,List((0.000233,0.000223)))
(26/05/2014,List((0.000430,0.000398)))
(17/03/2016,List((0.000233,0.000221)))
(02/09/2014,List((0.000134,0.000128)))
(20/08/2017,List((0.001726,0.001636)))
(09/01/2017,List((0.000230,0.000216)))
(22/05/2014,List((0.000461,0.000422)))
(08/02/2015,List((0.000146,0.000140)))
(07/03/2017,List((0.000215,0.000205)))
(22/09/2016,List((0.000233,0.000224)))
(14/04/2014,List((0.000465,0.000384)))
(07/05/2015,List((0.000089,0.000085)))
(18/04/2016,List((0.000228,0.000219)))
(24/08/2015,List((0.000138,0.000125)))
(08/11/2017,List((0.001260,0.001148)))
(04/07/2014,List((0.000245,0.000217)))
(27/08/2016,List((0.000231,0.000224)))
(02/12/2014,List((0.000243,0.000238)))
(06/07/2016,List((0.000290,0.000278)))
(15/09/2014,List((0.000356,0.000309)))
(28/06/2015,List((0.000209,0.000197)))
(06/09/2014,List((0.000213,0.000164)))
(21/04/2016,List((0.000228,0.000224)))
(18/03/2017,List((0.000228,0.000207)))
(31/07/2016,List((0.000239,0.000230)))
(19/08/2017,List((0.001709,0.001647)))
(06/01/2014,List((0.000290,0.000226)))
(09/06/2016,List((0.000269,0.000245)))
(26/01/2016,List((0.000383,0.000208)))
(20/02/2017,List((0.000209,0.000204)))
(13/09/2016,List((0.000229,0.000222)))
(12/12/2015,List((0.000155,0.000137)))
(30/11/2014,List((0.000245,0.000241)))
(25/09/2015,List((0.000125,0.000121)))
(25/03/2017,List((0.000298,0.000250)))
(15/08/2015,List((0.000158,0.000155)))
(21/12/2015,List((0.000147,0.000139)))
(26/08/2017,List((0.001797,0.001735)))
(15/11/2017,List((0.001351,0.001179)))
(08/10/2016,List((0.000230,0.000225)))
(15/01/2016,List((0.000176,0.000149)))
(10/03/2015,List((0.000145,0.000139)))
(07/07/2015,List((0.000193,0.000186)))
(20/02/2015,List((0.000149,0.000142)))
(13/05/2014,List((0.000486,0.000448)))
(15/04/2017,List((0.000434,0.000412)))
(05/04/2014,List((0.000470,0.000436)))
(23/09/2015,List((0.000126,0.000122)))
(16/09/2015,List((0.000126,0.000122)))
(22/09/2014,List((0.000301,0.000285)))
(10/05/2015,List((0.000094,0.000089)))
(05/02/2014,List((0.001326,0.001162)))
(09/07/2017,List((0.002492,0.002326)))
(28/02/2017,List((0.000210,0.000199)))
(11/04/2015,List((0.000115,0.000112)))
(29/11/2014,List((0.000249,0.000242)))
(21/01/2015,List((0.000155,0.000141)))
(18/12/2013,List((0.000362,0.000205)))
(14/09/2017,List((0.001397,0.000854)))
(18v08/2017,List((0.001759,0.001654)))
(19/06/2015,List((0.000232,0.000205)))
(07/06/2014,List((0.000375,0.000360)))
(06/08/2017,List((0.002140,0.001901)))
(12/02/2016,List((0.000301,0.000284)))
(27/12/2016,List((0.000235,0.000223)))
(01/11/2015,List((0.000142,0.000136)))
(18/06/2017,List((0.003336,0.003171)))
(05/04/2017,List((0.000445,0.000422)))
(27/06/2017,List((0.002766,0.002245)))
(14/04/2015,List((0.000107,0.000102)))
(11/10/2017,List((0.001080,0.000996)))
(03/10/2016,List((0.000237,0.000230)))
(16/10/2016,List((0.000228,0.000220)))
(11/04/2016,List((0.000215,0.000202)))
(20/05/2017,List((0.001921,0.001478)))
(23/07/2014,List((0.000226,0.000218)))
(13/10/2017,List((0.001085,0.000976)))
(10/06/2015,List((0.000162,0.000155)))
(15/07/2017,List((0.001675,0.001477)))
(11/05/2015,List((0.000094,0.000088)))
(21/08/2017,List((0.001712,0.001644)))
(19/11/2016,List((0.000221,0.000217)))
(24/07/2015,List((0.000188,0.000175)))
(07/02/2015,List((0.000147,0.000143)))
(20/07/2017,List((0.002010,0.001694)))
(30/08/2017,List((0.002151,0.001817)))
(19/06/2016,List((0.000340,0.000319)))
(05/08/2015,List((0.000176,0.000172)))
(28/12/2015,List((0.000147,0.000137)))
(11/06/2016,List((0.000262,0.000249)))
(15/06/2014,List((0.000381,0.000364)))
(16/12/2016,List((0.000218,0.000213)))
(28/11/2016,List((0.000226,0.000216)))
(27/09/2014,List((0.000452,0.000359)))
(13/07/2017,List((0.002056,0.001780)))
(06/06/2016,List((0.000238,0.000233)))
(15/05/2017,List((0.001277,0.001098)))
(30/01/2016,List((0.000326,0.000252)))
(21/04/2017,List((0.000457,0.000438)))
(14/07/2016,List((0.000267,0.000259)))
(03/11/2015,List((0.000160,0.000144)))
(13/10/2015,List((0.000122,0.000117)))
(26/11/2014,List((0.000243,0.000231)))
(09/08/2015,List((0.000163,0.000156)))
(06/07/2017,List((0.002820,0.002601)))
(19/10/2015,List((0.000121,0.000118)))
(09/07/2014,List((0.000287,0.000253)))
(19/01/2017,List((0.000212,0.000206)))
(07/03/2014,List((0.001021,0.000921)))
(02/10/2017,List((0.001133,0.001055)))
(16/01/2016,List((0.000156,0.000145)))
(09/11/2015,List((0.000139,0.000131)))
(28/09/2015,List((0.000125,0.000121)))
(08/05/2015,List((0.000094,0.000087)))
(14/06/2015,List((0.000172,0.000164)))
(09/06/2017,List((0.003624,0.003418)))
(03/07/2016,List((0.000307,0.000277)))
(25/04/2015,List((0.000107,0.000102)))
(29/05/2014,List((0.000399,0.000388)))
(31/01/2017,List((0.000215,0.000203)))
(03/04/2017,List((0.000633,0.000405)))
(21/11/2015,List((0.000132,0.000128)))
(26/02/2016,List((0.000270,0.000255)))
(03/10/2014,List((0.000345,0.000306)))
(28/03/2015,List((0.000134,0.000128)))
(15/10/2015,List((0.000121,0.000119)))
(17/09/2017,List((0.000868,0.000767)))
(08/05/2017,List((0.001523,0.001249)))
(20/09/2017,List((0.000888,0.000828)))
(02/11/2016,List((0.000224,0.000217)))
(27/12/2014,List((0.000191,0.000182)))
(10/12/2016,List((0.000217,0.000210)))
(01/04/2015,List((0.000128,0.000123)))
(02/09/2017,List((0.002701,0.002133)))
(27/06/2015,List((0.000213,0.000201)))
(31/12/2013,List((0.000466,0.000408)))
(03/07/2014,List((0.000226,0.000207)))
(08/07/2017,List((0.002461,0.002202)))
(28/10/2015,List((0.000128,0.000117)))
(08/02/2014,List((0.001158,0.001058)))
(24/11/2014,List((0.000259,0.000241)))
(13/09/2015,List((0.000129,0.000123)))
(25/03/2014,List((0.000748,0.000644)))
(20/01/2017,List((0.000212,0.000205)))
(01/06/2015,List((0.000158,0.000141)))
(29/11/2015,List((0.000132,0.000128)))
(02/11/2014,List((0.000230,0.000215)))
(30/12/2014,List((0.000182,0.000177)))
(01/08/2015,List((0.000187,0.000172)))
(23/12/2014,List((0.000198,0.000193)))
(09/02/2017,List((0.000216,0.000201)))
(15/09/2017,List((0.000950,0.000626)))
(05/02/2015,List((0.000152,0.000140)))
(23/10/2016,List((0.000225,0.000219)))
(17/01/2017,List((0.000219,0.000202)))
(06/03/2015,List((0.000144,0.000138)))
(25/11/2015,List((0.000132,0.000127)))
(13/01/2015,List((0.000157,0.000133)))
(15/02/2016,List((0.000302,0.000294)))
(22/10/2017,List((0.001077,0.000976)))
(18/06/2015,List((0.000214,0.000197)))
(06/01/2017,List((0.000235,0.000218)))
(23/04/2017,List((0.000540,0.000463)))
(19/08/2014,List((0.000117,0.000105)))
(18/03/2016,List((0.000224,0.000207)))
(16/03/2016,List((0.000234,0.000227)))
(30/08/2015,List((0.000133,0.000127)))
(17/02/2016,List((0.000294,0.000278)))
(04/05/2015,List((0.000094,0.000089)))
(22/05/2017,List((0.003766,0.002487)))
(23/06/2015,List((0.000219,0.000186)))
(16/10/2014,List((0.000270,0.000253)))
(20/10/2015,List((0.000120,0.000118)))
(19/10/2017,List((0.001095,0.001045)))
(03/02/2017,List((0.000214,0.000207)))
(03/08/2017,List((0.001807,0.001759)))
(14/05/2016,List((0.000237,0.000229)))
(07/05/2014,List((0.000480,0.000457)))
(18/05/2014,List((0.000455,0.000446)))
(02/07/2017,List((0.002645,0.002253)))
(11/04/2014,List((0.000440,0.000341)))
(13/04/2016,List((0.000239,0.000224)))
(24/05/2015,List((0.000143,0.000132)))
(12/03/2016,List((0.000243,0.000233)))
(24/12/2013,List((0.000913,0.000450)))
(22/02/2016,List((0.000288,0.000282)))
(24/03/2015,List((0.000138,0.000128)))
(07/09/2016,List((0.000246,0.000238)))
(10/02/2015,List((0.000141,0.000136)))
(09/02/2015,List((0.000143,0.000138)))
(19/08/2016,List((0.000247,0.000232)))
(07/06/2015,List((0.000158,0.000151)))
(07/07/2016,List((0.000284,0.000267)))
(26/08/2014,List((0.000178,0.000111)))
(14/11/2017,List((0.001239,0.001131)))
(22/09/2015,List((0.000131,0.000124)))
(22/08/2014,List((0.000132,0.000120)))
(29/01/2016,List((0.000347,0.000298)))
(19/02/2016,List((0.000302,0.000277)))
(08/12/2015,List((0.000137,0.000129)))
(27/08/2017,List((0.001784,0.001745)))
(28/08/2016,List((0.000230,0.000220)))
(26/07/2017,List((0.001814,0.001659)))
(02/06/2016,List((0.000236,0.000230)))
(14/02/2017,List((0.000213,0.000205)))
(16/05/2016,List((0.000232,0.000226)))
(08/01/2015,List((0.000174,0.000166)))
(25/02/2015,List((0.000144,0.000140)))
(19/07/2017,List((0.001935,0.001687)))
(08/09/2017,List((0.001956,0.001533)))
(03/02/2015,List((0.000156,0.000144)))
(09/06/2015,List((0.000168,0.000161)))
(04/04/2016,List((0.000223,0.000218)))
(01/11/2017,List((0.001175,0.001090)))
(18v08/2016,List((0.000252,0.000241)))
(05/06/2017,List((0.003901,0.003169)))
(21/12/2014,List((0.000206,0.000192)))
(08/07/2015,List((0.000193,0.000187)))
(24/02/2016,List((0.000283,0.000273)))
(02/04/2016,List((0.000229,0.000223)))
(15/07/2015,List((0.000197,0.000184)))
(10/12/2014,List((0.000218,0.000206)))
(13/06/2014,List((0.000406,0.000381)))
(28/01/2015,List((0.000161,0.000142)))
(10/07/2016,List((0.000274,0.000267)))
(04/06/2014,List((0.000386,0.000353)))
(03/06/2017,List((0.003375,0.002814)))
(21/05/2014,List((0.000471,0.000454)))
(28/02/2014,List((0.001163,0.001066)))
(29/06/2017,List((0.002787,0.002599)))
(25/12/2014,List((0.000191,0.000183)))
(12/10/2016,List((0.000230,0.000224)))
(20/12/2013,List((0.001143,0.000662)))
(04/07/2017,List((0.002612,0.002510)))
(06/08/2014,List((0.000192,0.000177)))
(31/08/2016,List((0.000236,0.000232)))
(08/10/2015,List((0.000121,0.000118)))
(20/11/2016,List((0.000222,0.000215)))
(18/02/2015,List((0.000147,0.000141)))
(07/12/2016,List((0.000215,0.000210)))
(26/03/2017,List((0.000309,0.000271)))
(13/03/2015,List((0.000144,0.000140)))
(17/10/2017,List((0.001190,0.001063)))
(06/04/2014,List((0.000480,0.000453)))
(05/10/2016,List((0.000233,0.000228)))
(20/06/2014,List((0.000359,0.000350)))
(04/11/2014,List((0.000217,0.000208)))
(13/08/2016,List((0.000241,0.000237)))
(21/07/2014,List((0.000241,0.000233)))
(08/11/2016,List((0.000243,0.000227)))
(08/06/2014,List((0.000369,0.000358)))
(18/12/2016,List((0.000220,0.000215)))
(08/04/2016,List((0.000215,0.000209)))
(06/05/2015,List((0.000090,0.000087)))
(23/01/2014,List((0.001922,0.001496)))
(25/09/2016,List((0.000228,0.000224)))
(24/06/2016,List((0.000292,0.000273)))
(26/03/2015,List((0.000135,0.000129)))
(09/12/2014,List((0.000222,0.000209)))
(17/12/2013,List((0.000289,0.000116)))
(05/03/2016,List((0.000239,0.000221)))
(17/12/2015,List((0.000157,0.000147)))
(22/07/2017,List((0.002102,0.001921)))
(05/05/2016,List((0.000227,0.000219)))
(17/03/2017,List((0.000235,0.000218)))
(07/11/2015,List((0.000147,0.000139)))
(18/04/2017,List((0.000467,0.000436)))
(08/01/2017,List((0.000230,0.000219)))
(26/04/2016,List((0.000235,0.000226)))
(23/05/2014,List((0.000443,0.000392)))
(14/11/2015,List((0.000132,0.000128)))
(12/04/2017,List((0.000415,0.000387)))
(14/09/2014,List((0.000436,0.000255)))
(09/01/2016,List((0.000202,0.000169)))
(16/04/2017,List((0.000462,0.000416)))
(01/10/2014,List((0.000406,0.000371)))
(15/04/2014,List((0.000588,0.000457)))
(30/09/2014,List((0.000408,0.000386)))
(29/04/2017,List((0.000771,0.000679)))
(27/03/2014,List((0.000640,0.000467)))
(21/12/2016,List((0.000228,0.000218)))
(07/12/2014,List((0.000234,0.000227)))
(01/01/2014,List((0.000451,0.000423)))
(21/08/2015,List((0.000149,0.000137)))
(24/09/2015,List((0.000125,0.000122)))
(21/06/2017,List((0.003292,0.003095)))
(03/09/2016,List((0.000237,0.000232)))
(30/12/2016,List((0.000234,0.000222)))
(05/01/2016,List((0.000154,0.000135)))
(23/05/2016,List((0.000226,0.000222)))
(13/04/2014,List((0.000426,0.000376)))
(28/12/2013,List((0.000540,0.000458)))
(16/08/2017,List((0.001798,0.001700)))
(21/02/2017,List((0.000211,0.000202)))
(01/10/2016,List((0.000237,0.000230)))
(12/08/2017,List((0.001992,0.001828)))
(18/10/2016,List((0.000224,0.000220)))
(10/07/2014,List((0.000284,0.000251)))
(19/12/2013,List((0.001520,0.000328)))
(23/12/2016,List((0.000237,0.000222)))
(11/09/2017,List((0.001505,0.001387)))
(19/05/2017,List((0.001594,0.001424)))
(29/09/2016,List((0.000232,0.000226)))
(29/12/2016,List((0.000235,0.000221)))
(26/10/2015,List((0.000117,0.000114)))
(05/12/2016,List((0.000217,0.000208)))
(05/11/2017,List((0.001236,0.001142)))
(30/09/2016,List((0.000235,0.000229)))
(10/03/2016,List((0.000247,0.000227)))
(02/08/2016,List((0.000228,0.000203)))
(17/08/2016,List((0.000263,0.000243)))
(25/08/2015,List((0.000131,0.000119)))
(17/06/2014,List((0.000367,0.000358)))
(14/03/2014,List((0.000890,0.000856)))
(18/01/2014,List((0.000646,0.000416)))
(21/07/2016,List((0.000243,0.000234)))
(12/02/2017,List((0.000211,0.000205)))
(14/10/2016,List((0.000228,0.000222)))
(10/06/2017,List((0.003483,0.003292)))
(25/10/2014,List((0.000252,0.000244)))
(26/05/2017,List((0.003277,0.002302)))
(25/05/2014,List((0.000443,0.000405)))
(31/12/2015,List((0.000157,0.000147)))
(27/11/2015,List((0.000136,0.000130)))
(10/09/2016,List((0.000271,0.000227)))
(01/07/2016,List((0.000309,0.000297)))
(19/03/2015,List((0.000137,0.000128)))
(05/09/2016,List((0.000239,0.000233)))
(01/08/2017,List((0.001803,0.001642)))
(05/08/2017,List((0.002087,0.001804)))
(20/02/2016,List((0.000304,0.000290)))
(07/03/2016,List((0.000240,0.000218)))
(17/04/2014,List((0.000747,0.000617)))
(05/11/2015,List((0.000152,0.000139)))
(10/02/2017,List((0.000209,0.000201)))
(21/03/2014,List((0.000750,0.000643)))
(26/06/2014,List((0.000296,0.000260)))
(15/01/2015,List((0.000152,0.000115)))
(02/05/2015,List((0.000103,0.000096)))
(15/08/2014,List((0.000147,0.000117)))
(09/10/2016,List((0.000231,0.000226)))
(26/08/2016,List((0.000233,0.000227)))
(22/10/2015,List((0.000120,0.000116)))
(04/03/2015,List((0.000145,0.000139)))
(20/07/2015,List((0.000175,0.000165)))
(27/07/2016,List((0.000241,0.000234)))
(27/03/2016,List((0.000218,0.000212)))
(26/05/2015,List((0.000162,0.000139)))
(06/01/2015,List((0.000170,0.000161)))
(21/09/2016,List((0.000234,0.000224)))
(05/02/2017,List((0.000214,0.000207)))
(29/09/2014,List((0.000401,0.000378)))
(31/10/2017,List((0.001196,0.001106)))
(29/07/2016,List((0.000239,0.000235)))
(06/12/2015,List((0.000134,0.000126)))
(04/09/2015,List((0.000125,0.000123)))
(28/10/2017,List((0.001160,0.000992)))
(13/12/2015,List((0.000148,0.000141)))
(15/09/2015,List((0.000131,0.000123)))
(24/09/2017,List((0.000983,0.000878)))
(01/02/2017,List((0.000214,0.000206)))
(29/03/2016,List((0.000259,0.000215)))
(12/03/2014,List((0.000970,0.000747)))
(24/01/2017,List((0.000209,0.000200)))
(12/02/2015,List((0.000142,0.000137)))
(09/03/2014,List((0.000882,0.000821)))
(18v08/2014,List((0.000128,0.000103)))
(26/07/2015,List((0.000190,0.000185)))
(27/02/2015,List((0.000151,0.000142)))
(04/01/2017,List((0.000239,0.000225)))
(05/03/2014,List((0.001433,0.001009)))
(01/09/2014,List((0.000133,0.000127)))
(17/06/2016,List((0.000341,0.000315)))
(01/01/2016,List((0.000156,0.000150)))
(23/08/2017,List((0.001790,0.001700)))
(14/08/2015,List((0.000159,0.000155)))
(08/02/2016,List((0.000299,0.000283)))
(04/10/2015,List((0.000122,0.000118)))
(11/01/2015,List((0.000166,0.000159)))
(19/04/2014,List((0.000651,0.000602)))
(17/08/2014,List((0.000137,0.000123)))
(04/11/2016,List((0.000222,0.000217)))
(16/01/2014,List((0.000431,0.000370)))
(13/11/2016,List((0.000226,0.000218)))
(29/05/2016,List((0.000246,0.000233)))
(06/03/2017,List((0.000213,0.000205)))
(21/10/2016,List((0.000222,0.000218)))
(12/10/2014,List((0.000294,0.000277)))
(13/01/2017,List((0.000213,0.000202)))
(30/06/2017,List((0.002681,0.002601)))
(02/01/2017,List((0.000230,0.000222)))
(12/07/2016,List((0.000271,0.000259)))
(23/04/2015,List((0.000112,0.000108)))
(15/10/2017,List((0.001165,0.001045)))
(18/10/2014,List((0.000262,0.000246)))
(28/05/2015,List((0.000202,0.000178)))
(23/09/2014,List((0.000318,0.000295)))
(28/01/2017,List((0.000210,0.000203)))
(09/09/2016,List((0.000233,0.000226)))
(14/08/2017,List((0.001830,0.001711)))
(26/06/2016,List((0.000294,0.000275)))
(12/12/2014,List((0.000208,0.000205)))
(11/05/2017,List((0.001251,0.001124)))
(28/07/2015,List((0.000190,0.000186)))
(25/07/2014,List((0.000221,0.000211)))
(31/03/2015,List((0.000177,0.000124)))
(04/08/2016,List((0.000217,0.000211)))
(27/05/2014,List((0.000411,0.000394)))
(18/07/2014,List((0.000261,0.000247)))
(25/01/2016,List((0.000217,0.000190)))
(19/01/2015,List((0.000142,0.000136)))
(26/09/2015,List((0.000124,0.000121)))
(04/02/2014,List((0.001289,0.001122)))
(26/11/2016,List((0.000222,0.000216)))
(06/10/2015,List((0.000123,0.000117)))
(13/06/2016,List((0.000306,0.000269)))
(03/01/2016,List((0.000150,0.000143)))
(20/03/2015,List((0.000137,0.000131)))
(15/12/2013,List((0.000904,0.000290)))
(14/01/2016,List((0.000181,0.000172)))
(11/03/2015,List((0.000146,0.000139)))
(15/01/2017,List((0.000210,0.000202)))
(24/01/2015,List((0.000167,0.000155)))
(17/04/2016,List((0.000231,0.000224)))
(11/02/2014,List((0.001831,0.001385)))
(22/03/2015,List((0.000135,0.000130)))
(25/09/2014,List((0.000383,0.000332)))
(22/01/2017,List((0.000211,0.000203)))
(08/03/2015,List((0.000143,0.000138)))
(31/07/2017,List((0.001728,0.001632)))
(10/04/2017,List((0.000400,0.000368)))
(27/07/2014,List((0.000220,0.000206)))
(22/12/2013,List((0.000498,0.000280)))
(22/02/2014,List((0.001290,0.001193)))
(11/11/2016,List((0.000230,0.000225)))
(03/11/2017,List((0.001215,0.001107)))
(07/11/2017,List((0.001214,0.001150)))
(16/09/2014,List((0.000329,0.000291)))
(14/05/2014,List((0.000459,0.000449)))
(10/05/2014,List((0.000500,0.000472)))
(27/10/2014,List((0.000254,0.000247)))
(09/05/2014,List((0.000497,0.000468)))
(09/08/2017,List((0.001974,0.001895)))
(13/09/2017,List((0.001442,0.001333)))
(28/06/2014,List((0.000292,0.000275)))
(04/07/2015,List((0.000194,0.000188)))
(02/07/2015,List((0.000195,0.000188)))
(04/06/2016,List((0.000244,0.000233)))
(18/05/2016,List((0.000229,0.000224)))
(16/08/2015,List((0.000155,0.000145)))
(31/03/2017,List((0.000360,0.000299)))
(25/01/2014,List((0.001909,0.001750)))
(14/01/2014,List((0.000354,0.000276)))
(11/07/2017,List((0.002036,0.001768)))
(27/02/2017,List((0.000209,0.000202)))
(02/10/2015,List((0.000124,0.000121)))
(23/09/2016,List((0.000251,0.000224)))
(18/12/2014,List((0.000184,0.000174)))
(15/03/2015,List((0.000145,0.000141)))
(13/02/2016,List((0.000301,0.000292)))
(26/01/2015,List((0.000184,0.000162)))
(06/11/2016,List((0.000223,0.000218)))
(12/06/2017,List((0.003603,0.003166)))
(31/07/2015,List((0.000187,0.000178)))
(26/12/2015,List((0.000150,0.000136)))
(26/01/2017,List((0.000210,0.000201)))
(16/02/2015,List((0.000146,0.000139)))
(06/02/2016,List((0.000328,0.000300)))
(04/04/2014,List((0.000486,0.000431)))
(23/10/2014,List((0.000268,0.000244)))
(17/10/2015,List((0.000125,0.000119)))
(30/03/2014,List((0.000588,0.000520)))
(06/11/2014,List((0.000228,0.000215)))
(24/12/2015,List((0.000151,0.000144)))
(17/05/2015,List((0.000117,0.000114)))
(09/10/2014,List((0.000299,0.000285)))
(14/10/2014,List((0.000293,0.000284)))
(18/09/2016,List((0.000240,0.000232)))
(19/12/2015,List((0.000158,0.000150)))
(03/08/2015,List((0.000177,0.000170)))
(21/09/2014,List((0.000299,0.000284)))
(14/04/2017,List((0.000455,0.000421)))
(25/06/2017,List((0.003436,0.002873)))
(07/09/2014,List((0.000217,0.000184)))
(30/10/2014,List((0.000244,0.000234)))
(28/07/2017,List((0.001871,0.001751)))
(07/08/2015,List((0.000172,0.000165)))
(10/08/2015,List((0.000164,0.000158)))
(19/11/2014,List((0.000219,0.000212)))
(25/03/2016,List((0.000217,0.000213)))
(08/06/2016,List((0.000249,0.000237)))
(26/02/2014,List((0.001196,0.000984)))
(21/05/2016,List((0.000228,0.000224)))
(11/07/2015,List((0.000206,0.000196)))
(09/11/2017,List((0.001415,0.001181)))
(25/08/2017,List((0.001830,0.001762)))
(11/06/2014,List((0.000435,0.000380)))
(15/11/2014,List((0.000248,0.000224)))
(31/08/2014,List((0.000147,0.000129)))
(23/02/2017,List((0.000208,0.000198)))
(22/11/2016,List((0.000224,0.000219)))
(05/12/2014,List((0.000237,0.000227)))
(26/10/2017,List((0.001090,0.001017)))
(03/12/2016,List((0.000218,0.000214)))
(04/05/2017,List((0.000763,0.000675)))
(08/04/2014,List((0.000464,0.000443)))
(02/05/2017,List((0.000696,0.000573)))
(12/01/2016,List((0.000193,0.000169)))
(23/06/2017,List((0.003188,0.003044)))
(07/05/2016,List((0.000225,0.000221)))
(28/06/2016,List((0.000305,0.000285)))
(03/09/2014,List((0.000140,0.000132)))
(10/01/2014,List((0.000374,0.000241)))
(24/05/2017,List((0.004044,0.003524)))
(23/07/2016,List((0.000251,0.000232)))
(19/09/2015,List((0.000130,0.000124)))
(06/08/2016,List((0.000234,0.000216)))
(16/04/2015,List((0.000108,0.000104)))
(22/11/2014,List((0.000220,0.000208)))
(22/01/2015,List((0.000159,0.000153)))
(09/12/2016,List((0.000215,0.000211)))
(22/04/2014,List((0.000626,0.000588)))
(23/03/2016,List((0.000217,0.000209)))
(29/03/2014,List((0.000627,0.000521)))
(27/04/2017,List((0.000672,0.000545)))
(04/09/2017,List((0.002169,0.001721)))
(30/06/2015,List((0.000216,0.000198)))
(25/02/2017,List((0.000209,0.000200)))
(16/06/2017,List((0.003207,0.002947)))
(14/12/2016,List((0.000220,0.000214)))
(07/04/2017,List((0.000458,0.000387)))
(08/09/2015,List((0.000133,0.000128)))
(16/07/2016,List((0.000266,0.000260)))
(06/05/2017,List((0.001169,0.000809)))
(08/10/2017,List((0.001136,0.001029)))
(11/08/2016,List((0.000243,0.000235)))
(18/09/2014,List((0.000325,0.000267)))
(06/04/2016,List((0.000220,0.000214)))
(16/11/2017,List((0.001424,0.001286)))
(18/07/2016,List((0.000263,0.000251)))
(05/07/2016,List((0.000295,0.000284)))
(26/04/2014,List((0.000484,0.000461)))
(31/10/2015,List((0.000153,0.000137)))
(10/09/2014,List((0.000196,0.000184)))
(09/03/2016,List((0.000231,0.000218)))
(04/12/2015,List((0.000133,0.000128)))
(11/12/2015,List((0.000153,0.000138)))
(18/04/2015,List((0.000107,0.000105)))
(15/11/2016,List((0.000224,0.000219)))
(17/05/2017,List((0.001396,0.001068)))
(10/11/2017,List((0.001431,0.001125)))
(11/02/2016,List((0.000303,0.000280)))
(23/11/2015,List((0.000131,0.000127)))
(16/12/2014,List((0.000190,0.000172)))
(03/06/2015,List((0.000161,0.000146)))
(04/08/2014,List((0.000207,0.000198)))
(24/03/2017,List((0.000305,0.000235)))
(20/12/2015,List((0.000152,0.000141)))
(29/06/2015,List((0.000216,0.000203)))
(13/08/2014,List((0.000151,0.000136)))
(29/08/2015,List((0.000133,0.000128)))
(22/05/2015,List((0.000141,0.000132)))
(03/01/2014,List((0.000376,0.000293)))
(14/02/2015,List((0.000152,0.000143)))
(27/01/2016,List((0.000496,0.000349)))
(16/11/2015,List((0.000132,0.000124)))
(01/04/2017,List((0.000349,0.000317)))
(19/09/2017,List((0.000964,0.000852)))
(27/10/2016,List((0.000221,0.000215)))
(18/02/2017,List((0.000210,0.000196)))
(11/03/2017,List((0.000213,0.000200)))
(20/06/2016,List((0.000342,0.000322)))
(20/09/2015,List((0.000129,0.000124)))
(05/07/2014,List((0.000236,0.000214)))
(09/04/2017,List((0.000431,0.000374)))
(27/01/2014,List((0.001675,0.001219)))
(28/04/2014,List((0.000500,0.000429)))
(03/03/2014,List((0.001118,0.000907)))
(10/10/2014,List((0.000296,0.000271)))
(04/10/2017,List((0.001121,0.000938)))
(05/06/2015,List((0.000155,0.000148)))
(11/10/2015,List((0.000121,0.000118)))
(07/06/2017,List((0.003815,0.003302)))
(05/09/2014,List((0.000169,0.000151)))
(12/01/2014,List((0.000375,0.000323)))
(23/01/2016,List((0.000177,0.000171)))
(12/07/2014,List((0.000275,0.000266)))
(25/12/2016,List((0.000236,0.000225)))
(06/10/2017,List((0.001085,0.000995)))
(22/09/2017,List((0.000783,0.000712)))
(20/08/2014,List((0.000132,0.000114)))
(10/08/2017,List((0.001945,0.001891)))
(13/11/2014,List((0.000265,0.000243)))
(17/11/2014,List((0.000233,0.000222)))
(03/05/2014,List((0.000483,0.000457)))
(04/02/2016,List((0.000290,0.000264)))
(18/03/2014,List((0.000779,0.000757)))
(11/01/2017,List((0.000226,0.000200)))
(18/11/2017,List((0.001385,0.001254)))
(10/03/2014,List((0.000884,0.000778)))
(19/03/2017,List((0.000240,0.000215)))
(14/03/2016,List((0.000246,0.000234)))
(09/01/2014,List((0.000269,0.000212)))
(15/12/2015,List((0.000153,0.000145)))
(23/03/2014,List((0.000745,0.000672)))
(20/01/2015,List((0.000145,0.000137)))
(01/12/2014,List((0.000244,0.000240)))
(28/11/2014,List((0.000251,0.000238)))
(01/05/2016,List((0.000228,0.000224)))
(30/04/2015,List((0.000105,0.000098)))
(25/10/2016,List((0.000223,0.000219)))
(12/12/2016,List((0.000226,0.000218)))
(20/10/2017,List((0.001098,0.001035)))
(11/11/2014,List((0.000226,0.000220)))
(22/06/2014,List((0.000353,0.000336)))
(07/08/2017,List((0.001974,0.001882)))
(21/01/2014,List((0.002335,0.001252)))
(30/05/2014,List((0.000392,0.000341)))
(12/11/2015,List((0.000134,0.000125)))
(22/03/2017,List((0.000247,0.000235)))
(28/05/2017,List((0.002858,0.002304)))
(02/04/2014,List((0.000547,0.000421)))
(05/04/2015,List((0.000128,0.000122)))
(27/09/2016,List((0.000233,0.000227)))
(19/05/2015,List((0.000122,0.000114)))
(21/10/2014,List((0.000235,0.000228)))
(02/09/2015,List((0.000129,0.000125)))
(30/07/2016,List((0.000240,0.000235)))
(29/01/2014,List((0.001602,0.001346)))
(16/05/2014,List((0.000455,0.000446)))
(06/09/2017,List((0.002042,0.001865)))
(13/02/2014,List((0.001862,0.001572)))
(15/05/2015,List((0.000122,0.000113)))
(19/02/2014,List((0.001429,0.001344)))
(19/07/2015,List((0.000179,0.000166)))
(20/02/2014,List((0.001358,0.001212)))
(24/08/2014,List((0.000126,0.000120)))
(31/01/2015,List((0.000146,0.000138)))
(30/03/2016,List((0.000260,0.000228)))
(24/07/2017,List((0.002010,0.001912)))
(17/09/2015,List((0.000126,0.000122)))
(16/02/2017,List((0.000212,0.000202)))
(06/06/2014,List((0.000365,0.000352)))
(11/09/2015,List((0.000133,0.000128)))
(04/01/2015,List((0.000169,0.000155)))
(13/05/2017,List((0.001212,0.001123)))
(01/03/2014,List((0.001089,0.001041)))
(12/05/2016,List((0.000236,0.000223)))
(05/05/2014,List((0.000470,0.000421)))
(09/05/2016,List((0.000225,0.000220)))
(13/03/2017,List((0.000261,0.000223)))
(14/06/2017,List((0.003379,0.003011)))
(17/02/2014,List((0.001482,0.001333)))
(30/05/2016,List((0.000246,0.000235)))
(24/04/2016,List((0.000228,0.000220)))
(16/09/2016,List((0.000256,0.000230)))
(20/05/2015,List((0.000134,0.000120)))
(20/11/2014,List((0.000219,0.000205)))
(15/04/2016,List((0.000236,0.000228)))
(28/02/2016,List((0.000258,0.000244)))
(10/05/2016,List((0.000224,0.000220)))
(01/07/2014,List((0.000268,0.000257)))
(28/09/2017,List((0.001172,0.001077)))
(10/01/2016,List((0.000180,0.000159)))
(26/09/2017,List((0.001194,0.001067)))
(12/04/2015,List((0.000115,0.000112)))
(12/06/2015,List((0.000162,0.000158)))
(07/10/2014,List((0.000312,0.000288)))
(21/11/2017,List((0.001446,0.001302)))
(29/10/2014,List((0.000255,0.000240)))
(12/11/2017,List((0.001210,0.001002)))
(19/06/2014,List((0.000363,0.000355)))
(20/08/2016,List((0.000241,0.000232)))
(28/08/2014,List((0.000142,0.000129)))
(25/05/2016,List((0.000226,0.000221)))
(04/03/2017,List((0.000217,0.000195)))
(28/03/2017,List((0.000286,0.000245)))
(01/02/2015,List((0.000147,0.000136)))
(07/02/2017,List((0.000214,0.000207)))
(02/06/2014,List((0.000416,0.000392)))
(01/05/2014,List((0.000512,0.000497)))
(23/02/2015,List((0.000143,0.000139)))
(22/06/2016,List((0.000315,0.000258)))
(18/11/2015,List((0.000135,0.000130)))
(18/01/2016,List((0.000153,0.000150)))
(29/08/2017,List((0.001924,0.001795)))
(24/10/2017,List((0.001139,0.000965)))
(30/10/2016,List((0.000224,0.000219)))
(12/09/2014,List((0.000206,0.000195)))
(12/05/2014,List((0.000460,0.000452)))
(20/04/2016,List((0.000227,0.000221)))
(07/01/2014,List((0.000284,0.000220)))
(01/06/2017,List((0.002903,0.002655)))
(16/06/2015,List((0.000199,0.000169)))
(21/04/2015,List((0.000111,0.000104)))
(15/08/2016,List((0.000250,0.000235)))
(29/04/2015,List((0.000100,0.000098)))
(14/12/2014,List((0.000202,0.000194)))
(15/06/2016,List((0.000330,0.000309)))
(24/04/2014,List((0.000589,0.000551)))
(10/10/2016,List((0.000231,0.000227)))
(08/08/2016,List((0.000259,0.000233)))
(30/04/2017,List((0.000771,0.000727)))
(17/07/2017,List((0.001554,0.001303)))
(21/02/2015,List((0.000150,0.000142)))
(31/05/2015,List((0.000171,0.000154)))
(08/08/2014,List((0.000183,0.000169)))
(27/04/2015,List((0.000105,0.000099)))
(22/07/2015,List((0.000189,0.000167)))
(24/11/2016,List((0.000219,0.000213)))
(23/08/2015,List((0.000143,0.000137)))
(17/03/2015,List((0.000147,0.000143)))
(07/04/2015,List((0.000124,0.000120)))
(12/08/2015,List((0.000166,0.000158)))
(22/04/2016,List((0.000227,0.000223)))
(02/02/2016,List((0.000271,0.000256)))
(06/07/2015,List((0.000199,0.000191)))
(27/05/2016,List((0.000233,0.000225)))
(03/04/2015,List((0.000131,0.000127)))
(29/10/2016,List((0.000232,0.000216)))
(21/01/2016,List((0.000169,0.000161)))
(05/01/2014,List((0.000312,0.000247)))
(09/09/2014,List((0.000195,0.000172)))
(26/12/2013,List((0.000706,0.000543)))
(10/11/2015,List((0.000136,0.000121)))
(24/02/2014,List((0.001202,0.001058)))
(25/06/2015,List((0.000187,0.000171)))
(11/08/2014,List((0.000166,0.000143)))
(15/03/2017,List((0.000245,0.000231)))
(03/03/2016,List((0.000247,0.000239)))
(03/12/2014,List((0.000241,0.000233)))
(29/07/2014,List((0.000212,0.000202)))
(14/07/2014,List((0.000273,0.000255)))
(06/02/2014,List((0.001374,0.001279)))
(09/07/2016,List((0.000279,0.000265)))
(30/11/2015,List((0.000133,0.000127)))
(20/04/2014,List((0.000664,0.000626)))
(12/09/2016,List((0.000227,0.000223)))
(02/01/2015,List((0.000187,0.000182)))
(10/04/2015,List((0.000117,0.000111)))
(22/12/2015,List((0.000148,0.000140)))
(02/02/2014,List((0.001496,0.001089)))
(07/07/2014,List((0.000232,0.000219)))
(16/07/2014,List((0.000255,0.000230)))
(24/06/2014,List((0.000327,0.000304)))
(01/03/2016,List((0.000250,0.000243)))
(01/12/2016,List((0.000219,0.000213)))
(08/11/2014,List((0.000220,0.000215)))
(20/03/2017,List((0.000239,0.000226)))
(03/05/2016,List((0.000231,0.000224)))
(21/06/2015,List((0.000218,0.000204)))
(02/12/2015,List((0.000132,0.000124)))
(22/08/2016,List((0.000238,0.000222)))
(08/03/2017,List((0.000212,0.000200)))
(06/09/2015,List((0.000135,0.000130)))
(07/10/2016,List((0.000231,0.000223)))
(21/03/2016,List((0.000216,0.000210)))
(17/07/2015,List((0.000181,0.000170)))
(29/12/2014,List((0.000186,0.000178)))
(30/07/2014,List((0.000210,0.000202)))
(02/03/2015,List((0.000150,0.000143)))
(14/09/2016,List((0.000229,0.000223)))
(15/02/2014,List((0.001605,0.001370)))
(19/04/2016,List((0.000226,0.000219)))
(02/03/2017,List((0.000210,0.000202)))
(30/01/2014,List((0.001603,0.001444)))
(13/07/2015,List((0.000212,0.000192)))
(13/05/2015,List((0.000117,0.000107)))
(27/08/2015,List((0.000133,0.000128)))
(02/08/2014,List((0.000212,0.000207)))
(24/10/2015,List((0.000116,0.000113)))
(17/01/2015,List((0.000143,0.000132)))
(17/11/2016,List((0.000227,0.000220)))
(24/08/2016,List((0.000235,0.000224)))
(31/05/2017,List((0.002739,0.002392)))
(28/04/2016,List((0.000231,0.000222)))
(01/09/2016,List((0.000236,0.000230)))
(25/04/2017,List((0.000546,0.000511)))
(25/07/2016,List((0.000249,0.000241)))
(09/04/2015,List((0.000118,0.000114)))
(16/03/2014,List((0.000848,0.000819)))
(05/10/2014,List((0.000309,0.000260)))
(07/01/2016,List((0.000142,0.000134)))
